prd_id,prd_key,prd_nm,prd_cost,prd_line,prd_start_dt,prd_end_dt,_ingestion_date,cat_id,_processed_timestamp
601,BB-7421,LL Bottom Bracket,24,n/a,2013-07-01,,2026-01-29T10:47:36.526+01:00,CO_BB,2026-01-29T11:07:27.807+01:00
602,BB-8107,ML Bottom Bracket,45,n/a,2013-07-01,,2026-01-29T10:47:36.526+01:00,CO_BB,2026-01-29T11:07:27.807+01:00
603,BB-9108,HL Bottom Bracket,54,n/a,2013-07-01,,2026-01-29T10:47:36.526+01:00,CO_BB,2026-01-29T11:07:27.807+01:00
478,BC-M005,Mountain Bottle Cage,4,Mountain,2013-07-01,,2026-01-29T10:47:36.526+01:00,AC_BC,2026-01-29T11:07:27.807+01:00
479,BC-R205,Road Bottle Cage,3,Road,2013-07-01,,2026-01-29T10:47:36.526+01:00,AC_BC,2026-01-29T11:07:27.807+01:00
596,BK-M18B-40,Mountain-500 Black- 40,295,Mountain,2013-07-01,,2026-01-29T10:47:36.526+01:00,BI_MB,2026-01-29T11:07:27.807+01:00
597,BK-M18B-42,Mountain-500 Black- 42,295,Mountain,2013-07-01,,2026-01-29T10:47:36.526+01:00,BI_MB,2026-01-29T11:07:27.807+01:00
598,BK-M18B-44,Mountain-500 Black- 44,295,Mountain,2013-07-01,,2026-01-29T10:47:36.526+01:00,BI_MB,2026-01-29T11:07:27.807+01:00
599,BK-M18B-48,Mountain-500 Black- 48,295,Mountain,2013-07-01,,2026-01-29T10:47:36.526+01:00,BI_MB,2026-01-29T11:07:27.807+01:00
600,BK-M18B-52,Mountain-500 Black- 52,295,Mountain,2013-07-01,,2026-01-29T10:47:36.526+01:00,BI_MB,2026-01-29T11:07:27.807+01:00
591,BK-M18S-40,Mountain-500 Silver- 40,308,Mountain,2013-07-01,,2026-01-29T10:47:36.526+01:00,BI_MB,2026-01-29T11:07:27.807+01:00
592,BK-M18S-42,Mountain-500 Silver- 42,308,Mountain,2013-07-01,,2026-01-29T10:47:36.526+01:00,BI_MB,2026-01-29T11:07:27.807+01:00
593,BK-M18S-44,Mountain-500 Silver- 44,308,Mountain,2013-07-01,,2026-01-29T10:47:36.526+01:00,BI_MB,2026-01-29T11:07:27.807+01:00
594,BK-M18S-48,Mountain-500 Silver- 48,308,Mountain,2013-07-01,,2026-01-29T10:47:36.526+01:00,BI_MB,2026-01-29T11:07:27.807+01:00
595,BK-M18S-52,Mountain-500 Silver- 52,308,Mountain,2013-07-01,,2026-01-29T10:47:36.526+01:00,BI_MB,2026-01-29T11:07:27.807+01:00
587,BK-M38S-38,Mountain-400-W Silver- 38,420,Mountain,2013-07-01,,2026-01-29T10:47:36.526+01:00,BI_MB,2026-01-29T11:07:27.807+01:00
588,BK-M38S-40,Mountain-400-W Silver- 40,420,Mountain,2013-07-01,,2026-01-29T10:47:36.526+01:00,BI_MB,2026-01-29T11:07:27.807+01:00
589,BK-M38S-42,Mountain-400-W Silver- 42,420,Mountain,2013-07-01,,2026-01-29T10:47:36.526+01:00,BI_MB,2026-01-29T11:07:27.807+01:00
590,BK-M38S-46,Mountain-400-W Silver- 46,420,Mountain,2013-07-01,,2026-01-29T10:47:36.526+01:00,BI_MB,2026-01-29T11:07:27.807+01:00
364,BK-M47B-38,Mountain-300 Black- 38,598,Mountain,2012-07-01,,2026-01-29T10:47:36.526+01:00,BI_MB,2026-01-29T11:07:27.807+01:00
365,BK-M47B-40,Mountain-300 Black- 40,598,Mountain,2012-07-01,,2026-01-29T10:47:36.526+01:00,BI_MB,2026-01-29T11:07:27.807+01:00
366,BK-M47B-44,Mountain-300 Black- 44,598,Mountain,2012-07-01,,2026-01-29T10:47:36.526+01:00,BI_MB,2026-01-29T11:07:27.807+01:00
367,BK-M47B-48,Mountain-300 Black- 48,598,Mountain,2012-07-01,,2026-01-29T10:47:36.526+01:00,BI_MB,2026-01-29T11:07:27.807+01:00
358,BK-M68B-38,Mountain-200 Black- 38,1106,Mountain,2012-07-01,2013-06-30,2026-01-29T10:47:36.526+01:00,BI_MB,2026-01-29T11:07:27.807+01:00
359,BK-M68B-38,Mountain-200 Black- 38,1252,Mountain,2013-07-01,,2026-01-29T10:47:36.526+01:00,BI_MB,2026-01-29T11:07:27.807+01:00
360,BK-M68B-42,Mountain-200 Black- 42,1106,Mountain,2012-07-01,2013-06-30,2026-01-29T10:47:36.526+01:00,BI_MB,2026-01-29T11:07:27.807+01:00
361,BK-M68B-42,Mountain-200 Black- 42,1252,Mountain,2013-07-01,,2026-01-29T10:47:36.526+01:00,BI_MB,2026-01-29T11:07:27.807+01:00
362,BK-M68B-46,Mountain-200 Black- 46,1106,Mountain,2012-07-01,2013-06-30,2026-01-29T10:47:36.526+01:00,BI_MB,2026-01-29T11:07:27.807+01:00
363,BK-M68B-46,Mountain-200 Black- 46,1252,Mountain,2013-07-01,,2026-01-29T10:47:36.526+01:00,BI_MB,2026-01-29T11:07:27.807+01:00
352,BK-M68S-38,Mountain-200 Silver- 38,1118,Mountain,2012-07-01,2013-06-30,2026-01-29T10:47:36.526+01:00,BI_MB,2026-01-29T11:07:27.807+01:00
353,BK-M68S-38,Mountain-200 Silver- 38,1266,Mountain,2013-07-01,,2026-01-29T10:47:36.526+01:00,BI_MB,2026-01-29T11:07:27.807+01:00
354,BK-M68S-42,Mountain-200 Silver- 42,1118,Mountain,2012-07-01,2013-06-30,2026-01-29T10:47:36.526+01:00,BI_MB,2026-01-29T11:07:27.807+01:00
355,BK-M68S-42,Mountain-200 Silver- 42,1266,Mountain,2013-07-01,,2026-01-29T10:47:36.526+01:00,BI_MB,2026-01-29T11:07:27.807+01:00
356,BK-M68S-46,Mountain-200 Silver- 46,1118,Mountain,2012-07-01,2013-06-30,2026-01-29T10:47:36.526+01:00,BI_MB,2026-01-29T11:07:27.807+01:00
357,BK-M68S-46,Mountain-200 Silver- 46,1266,Mountain,2013-07-01,,2026-01-29T10:47:36.526+01:00,BI_MB,2026-01-29T11:07:27.807+01:00
348,BK-M82B-38,Mountain-100 Black- 38,1898,Mountain,2011-07-01,,2026-01-29T10:47:36.526+01:00,BI_MB,2026-01-29T11:07:27.807+01:00
349,BK-M82B-42,Mountain-100 Black- 42,1898,Mountain,2011-07-01,,2026-01-29T10:47:36.526+01:00,BI_MB,2026-01-29T11:07:27.807+01:00
350,BK-M82B-44,Mountain-100 Black- 44,1898,Mountain,2011-07-01,,2026-01-29T10:47:36.526+01:00,BI_MB,2026-01-29T11:07:27.807+01:00
351,BK-M82B-48,Mountain-100 Black- 48,1898,Mountain,2011-07-01,,2026-01-29T10:47:36.526+01:00,BI_MB,2026-01-29T11:07:27.807+01:00
344,BK-M82S-38,Mountain-100 Silver- 38,1912,Mountain,2011-07-01,,2026-01-29T10:47:36.526+01:00,BI_MB,2026-01-29T11:07:27.807+01:00
345,BK-M82S-42,Mountain-100 Silver- 42,1912,Mountain,2011-07-01,,2026-01-29T10:47:36.526+01:00,BI_MB,2026-01-29T11:07:27.807+01:00
346,BK-M82S-44,Mountain-100 Silver- 44,1912,Mountain,2011-07-01,,2026-01-29T10:47:36.526+01:00,BI_MB,2026-01-29T11:07:27.807+01:00
347,BK-M82S-48,Mountain-100 Silver- 48,1912,Mountain,2011-07-01,,2026-01-29T10:47:36.526+01:00,BI_MB,2026-01-29T11:07:27.807+01:00
604,BK-R19B-44,Road-750 Black- 44,344,Road,2013-07-01,,2026-01-29T10:47:36.526+01:00,BI_RB,2026-01-29T11:07:27.807+01:00
605,BK-R19B-48,Road-750 Black- 48,344,Road,2013-07-01,,2026-01-29T10:47:36.526+01:00,BI_RB,2026-01-29T11:07:27.807+01:00
606,BK-R19B-52,Road-750 Black- 52,344,Road,2013-07-01,,2026-01-29T10:47:36.526+01:00,BI_RB,2026-01-29T11:07:27.807+01:00
584,BK-R19B-58,Road-750 Black- 58,344,Road,2013-07-01,,2026-01-29T10:47:36.526+01:00,BI_RB,2026-01-29T11:07:27.807+01:00
338,BK-R50B-44,Road-650 Black- 44,413,Road,2011-07-01,2012-06-30,2026-01-29T10:47:36.526+01:00,BI_RB,2026-01-29T11:07:27.807+01:00
339,BK-R50B-44,Road-650 Black- 44,487,Road,2012-07-01,,2026-01-29T10:47:36.526+01:00,BI_RB,2026-01-29T11:07:27.807+01:00
340,BK-R50B-48,Road-650 Black- 48,413,Road,2011-07-01,2012-06-30,2026-01-29T10:47:36.526+01:00,BI_RB,2026-01-29T11:07:27.807+01:00
341,BK-R50B-48,Road-650 Black- 48,487,Road,2012-07-01,,2026-01-29T10:47:36.526+01:00,BI_RB,2026-01-29T11:07:27.807+01:00
342,BK-R50B-52,Road-650 Black- 52,413,Road,2011-07-01,2012-06-30,2026-01-29T10:47:36.526+01:00,BI_RB,2026-01-29T11:07:27.807+01:00
343,BK-R50B-52,Road-650 Black- 52,487,Road,2012-07-01,,2026-01-29T10:47:36.526+01:00,BI_RB,2026-01-29T11:07:27.807+01:00
332,BK-R50B-58,Road-650 Black- 58,413,Road,2011-07-01,2012-06-30,2026-01-29T10:47:36.526+01:00,BI_RB,2026-01-29T11:07:27.807+01:00
333,BK-R50B-58,Road-650 Black- 58,487,Road,2012-07-01,,2026-01-29T10:47:36.526+01:00,BI_RB,2026-01-29T11:07:27.807+01:00
334,BK-R50B-60,Road-650 Black- 60,413,Road,2011-07-01,2012-06-30,2026-01-29T10:47:36.526+01:00,BI_RB,2026-01-29T11:07:27.807+01:00
335,BK-R50B-60,Road-650 Black- 60,487,Road,2012-07-01,,2026-01-29T10:47:36.526+01:00,BI_RB,2026-01-29T11:07:27.807+01:00
336,BK-R50B-62,Road-650 Black- 62,413,Road,2011-07-01,2012-06-30,2026-01-29T10:47:36.526+01:00,BI_RB,2026-01-29T11:07:27.807+01:00
337,BK-R50B-62,Road-650 Black- 62,487,Road,2012-07-01,,2026-01-29T10:47:36.526+01:00,BI_RB,2026-01-29T11:07:27.807+01:00
326,BK-R50R-44,Road-650 Red- 44,413,Road,2011-07-01,2012-06-30,2026-01-29T10:47:36.526+01:00,BI_RB,2026-01-29T11:07:27.807+01:00
327,BK-R50R-44,Road-650 Red- 44,487,Road,2012-07-01,,2026-01-29T10:47:36.526+01:00,BI_RB,2026-01-29T11:07:27.807+01:00
328,BK-R50R-48,Road-650 Red- 48,413,Road,2011-07-01,2012-06-30,2026-01-29T10:47:36.526+01:00,BI_RB,2026-01-29T11:07:27.807+01:00
329,BK-R50R-48,Road-650 Red- 48,487,Road,2012-07-01,,2026-01-29T10:47:36.526+01:00,BI_RB,2026-01-29T11:07:27.807+01:00
330,BK-R50R-52,Road-650 Red- 52,413,Road,2011-07-01,2012-06-30,2026-01-29T10:47:36.526+01:00,BI_RB,2026-01-29T11:07:27.807+01:00
331,BK-R50R-52,Road-650 Red- 52,487,Road,2012-07-01,,2026-01-29T10:47:36.526+01:00,BI_RB,2026-01-29T11:07:27.807+01:00
320,BK-R50R-58,Road-650 Red- 58,413,Road,2011-07-01,2012-06-30,2026-01-29T10:47:36.526+01:00,BI_RB,2026-01-29T11:07:27.807+01:00
321,BK-R50R-58,Road-650 Red- 58,487,Road,2012-07-01,,2026-01-29T10:47:36.526+01:00,BI_RB,2026-01-29T11:07:27.807+01:00
322,BK-R50R-60,Road-650 Red- 60,413,Road,2011-07-01,2012-06-30,2026-01-29T10:47:36.526+01:00,BI_RB,2026-01-29T11:07:27.807+01:00
323,BK-R50R-60,Road-650 Red- 60,487,Road,2012-07-01,,2026-01-29T10:47:36.526+01:00,BI_RB,2026-01-29T11:07:27.807+01:00
324,BK-R50R-62,Road-650 Red- 62,413,Road,2011-07-01,2012-06-30,2026-01-29T10:47:36.526+01:00,BI_RB,2026-01-29T11:07:27.807+01:00
325,BK-R50R-62,Road-650 Red- 62,487,Road,2012-07-01,,2026-01-29T10:47:36.526+01:00,BI_RB,2026-01-29T11:07:27.807+01:00
381,BK-R64Y-38,Road-550-W Yellow- 38,606,Road,2012-07-01,2013-06-30,2026-01-29T10:47:36.526+01:00,BI_RB,2026-01-29T11:07:27.807+01:00
382,BK-R64Y-38,Road-550-W Yellow- 38,713,Road,2013-07-01,,2026-01-29T10:47:36.526+01:00,BI_RB,2026-01-29T11:07:27.807+01:00
383,BK-R64Y-40,Road-550-W Yellow- 40,606,Road,2012-07-01,2013-06-30,2026-01-29T10:47:36.526+01:00,BI_RB,2026-01-29T11:07:27.807+01:00
384,BK-R64Y-40,Road-550-W Yellow- 40,713,Road,2013-07-01,,2026-01-29T10:47:36.526+01:00,BI_RB,2026-01-29T11:07:27.807+01:00
385,BK-R64Y-42,Road-550-W Yellow- 42,606,Road,2012-07-01,2013-06-30,2026-01-29T10:47:36.526+01:00,BI_RB,2026-01-29T11:07:27.807+01:00
386,BK-R64Y-42,Road-550-W Yellow- 42,713,Road,2013-07-01,,2026-01-29T10:47:36.526+01:00,BI_RB,2026-01-29T11:07:27.807+01:00
387,BK-R64Y-44,Road-550-W Yellow- 44,606,Road,2012-07-01,2013-06-30,2026-01-29T10:47:36.526+01:00,BI_RB,2026-01-29T11:07:27.807+01:00
388,BK-R64Y-44,Road-550-W Yellow- 44,713,Road,2013-07-01,,2026-01-29T10:47:36.526+01:00,BI_RB,2026-01-29T11:07:27.807+01:00
389,BK-R64Y-48,Road-550-W Yellow- 48,606,Road,2012-07-01,2013-06-30,2026-01-29T10:47:36.526+01:00,BI_RB,2026-01-29T11:07:27.807+01:00
390,BK-R64Y-48,Road-550-W Yellow- 48,713,Road,2013-07-01,,2026-01-29T10:47:36.526+01:00,BI_RB,2026-01-29T11:07:27.807+01:00
317,BK-R68R-44,Road-450 Red- 44,885,Road,2011-07-01,,2026-01-29T10:47:36.526+01:00,BI_RB,2026-01-29T11:07:27.807+01:00
318,BK-R68R-48,Road-450 Red- 48,885,Road,2011-07-01,,2026-01-29T10:47:36.526+01:00,BI_RB,2026-01-29T11:07:27.807+01:00
319,BK-R68R-52,Road-450 Red- 52,885,Road,2011-07-01,,2026-01-29T10:47:36.526+01:00,BI_RB,2026-01-29T11:07:27.807+01:00
315,BK-R68R-58,Road-450 Red- 58,885,Road,2011-07-01,,2026-01-29T10:47:36.526+01:00,BI_RB,2026-01-29T11:07:27.807+01:00
316,BK-R68R-60,Road-450 Red- 60,885,Road,2011-07-01,,2026-01-29T10:47:36.526+01:00,BI_RB,2026-01-29T11:07:27.807+01:00
580,BK-R79Y-40,Road-350-W Yellow- 40,1083,Road,2013-07-01,,2026-01-29T10:47:36.526+01:00,BI_RB,2026-01-29T11:07:27.807+01:00
581,BK-R79Y-42,Road-350-W Yellow- 42,1083,Road,2013-07-01,,2026-01-29T10:47:36.526+01:00,BI_RB,2026-01-29T11:07:27.807+01:00
582,BK-R79Y-44,Road-350-W Yellow- 44,1083,Road,2013-07-01,,2026-01-29T10:47:36.526+01:00,BI_RB,2026-01-29T11:07:27.807+01:00
583,BK-R79Y-48,Road-350-W Yellow- 48,1083,Road,2013-07-01,,2026-01-29T10:47:36.526+01:00,BI_RB,2026-01-29T11:07:27.807+01:00
373,BK-R89B-44,Road-250 Black- 44,1321,Road,2012-07-01,2013-06-30,2026-01-29T10:47:36.526+01:00,BI_RB,2026-01-29T11:07:27.807+01:00
374,BK-R89B-44,Road-250 Black- 44,1555,Road,2013-07-01,,2026-01-29T10:47:36.526+01:00,BI_RB,2026-01-29T11:07:27.807+01:00
375,BK-R89B-48,Road-250 Black- 48,1321,Road,2012-07-01,2013-06-30,2026-01-29T10:47:36.526+01:00,BI_RB,2026-01-29T11:07:27.807+01:00
376,BK-R89B-48,Road-250 Black- 48,1555,Road,2013-07-01,,2026-01-29T10:47:36.526+01:00,BI_RB,2026-01-29T11:07:27.807+01:00
377,BK-R89B-52,Road-250 Black- 52,1321,Road,2012-07-01,2013-06-30,2026-01-29T10:47:36.526+01:00,BI_RB,2026-01-29T11:07:27.807+01:00
378,BK-R89B-52,Road-250 Black- 52,1555,Road,2013-07-01,,2026-01-29T10:47:36.526+01:00,BI_RB,2026-01-29T11:07:27.807+01:00
379,BK-R89B-58,Road-250 Black- 58,1321,Road,2012-07-01,2013-06-30,2026-01-29T10:47:36.526+01:00,BI_RB,2026-01-29T11:07:27.807+01:00
380,BK-R89B-58,Road-250 Black- 58,1555,Road,2013-07-01,,2026-01-29T10:47:36.526+01:00,BI_RB,2026-01-29T11:07:27.807+01:00
368,BK-R89R-44,Road-250 Red- 44,1519,Road,2012-07-01,,2026-01-29T10:47:36.526+01:00,BI_RB,2026-01-29T11:07:27.807+01:00
369,BK-R89R-48,Road-250 Red- 48,1519,Road,2012-07-01,,2026-01-29T10:47:36.526+01:00,BI_RB,2026-01-29T11:07:27.807+01:00
370,BK-R89R-52,Road-250 Red- 52,1519,Road,2012-07-01,,2026-01-29T10:47:36.526+01:00,BI_RB,2026-01-29T11:07:27.807+01:00
371,BK-R89R-58,Road-250 Red- 58,1321,Road,2012-07-01,2013-06-30,2026-01-29T10:47:36.526+01:00,BI_RB,2026-01-29T11:07:27.807+01:00
372,BK-R89R-58,Road-250 Red- 58,1555,Road,2013-07-01,,2026-01-29T10:47:36.526+01:00,BI_RB,2026-01-29T11:07:27.807+01:00
311,BK-R93R-44,Road-150 Red- 44,2171,Road,2011-07-01,,2026-01-29T10:47:36.526+01:00,BI_RB,2026-01-29T11:07:27.807+01:00
312,BK-R93R-48,Road-150 Red- 48,2171,Road,2011-07-01,,2026-01-29T10:47:36.526+01:00,BI_RB,2026-01-29T11:07:27.807+01:00
313,BK-R93R-52,Road-150 Red- 52,2171,Road,2011-07-01,,2026-01-29T10:47:36.526+01:00,BI_RB,2026-01-29T11:07:27.807+01:00
314,BK-R93R-56,Road-150 Red- 56,2171,Road,2011-07-01,,2026-01-29T10:47:36.526+01:00,BI_RB,2026-01-29T11:07:27.807+01:00
310,BK-R93R-62,Road-150 Red- 62,2171,Road,2011-07-01,,2026-01-29T10:47:36.526+01:00,BI_RB,2026-01-29T11:07:27.807+01:00
585,BK-T18U-44,Touring-3000 Blue- 44,461,Touring,2013-07-01,,2026-01-29T10:47:36.526+01:00,BI_TB,2026-01-29T11:07:27.807+01:00
586,BK-T18U-50,Touring-3000 Blue- 50,461,Touring,2013-07-01,,2026-01-29T10:47:36.526+01:00,BI_TB,2026-01-29T11:07:27.807+01:00
565,BK-T18U-54,Touring-3000 Blue- 54,461,Touring,2013-07-01,,2026-01-29T10:47:36.526+01:00,BI_TB,2026-01-29T11:07:27.807+01:00
566,BK-T18U-58,Touring-3000 Blue- 58,461,Touring,2013-07-01,,2026-01-29T10:47:36.526+01:00,BI_TB,2026-01-29T11:07:27.807+01:00
567,BK-T18U-62,Touring-3000 Blue- 62,461,Touring,2013-07-01,,2026-01-29T10:47:36.526+01:00,BI_TB,2026-01-29T11:07:27.807+01:00
568,BK-T18Y-44,Touring-3000 Yellow- 44,461,Touring,2013-07-01,,2026-01-29T10:47:36.526+01:00,BI_TB,2026-01-29T11:07:27.807+01:00
569,BK-T18Y-50,Touring-3000 Yellow- 50,461,Touring,2013-07-01,,2026-01-29T10:47:36.526+01:00,BI_TB,2026-01-29T11:07:27.807+01:00
570,BK-T18Y-54,Touring-3000 Yellow- 54,461,Touring,2013-07-01,,2026-01-29T10:47:36.526+01:00,BI_TB,2026-01-29T11:07:27.807+01:00
571,BK-T18Y-58,Touring-3000 Yellow- 58,461,Touring,2013-07-01,,2026-01-29T10:47:36.526+01:00,BI_TB,2026-01-29T11:07:27.807+01:00
572,BK-T18Y-62,Touring-3000 Yellow- 62,461,Touring,2013-07-01,,2026-01-29T10:47:36.526+01:00,BI_TB,2026-01-29T11:07:27.807+01:00
577,BK-T44U-46,Touring-2000 Blue- 46,755,Touring,2013-07-01,,2026-01-29T10:47:36.526+01:00,BI_TB,2026-01-29T11:07:27.807+01:00
578,BK-T44U-50,Touring-2000 Blue- 50,755,Touring,2013-07-01,,2026-01-29T10:47:36.526+01:00,BI_TB,2026-01-29T11:07:27.807+01:00
579,BK-T44U-54,Touring-2000 Blue- 54,755,Touring,2013-07-01,,2026-01-29T10:47:36.526+01:00,BI_TB,2026-01-29T11:07:27.807+01:00
560,BK-T44U-60,Touring-2000 Blue- 60,755,Touring,2013-07-01,,2026-01-29T10:47:36.526+01:00,BI_TB,2026-01-29T11:07:27.807+01:00
573,BK-T79U-46,Touring-1000 Blue- 46,1482,Touring,2013-07-01,,2026-01-29T10:47:36.526+01:00,BI_TB,2026-01-29T11:07:27.807+01:00
574,BK-T79U-50,Touring-1000 Blue- 50,1482,Touring,2013-07-01,,2026-01-29T10:47:36.526+01:00,BI_TB,2026-01-29T11:07:27.807+01:00
575,BK-T79U-54,Touring-1000 Blue- 54,1482,Touring,2013-07-01,,2026-01-29T10:47:36.526+01:00,BI_TB,2026-01-29T11:07:27.807+01:00
576,BK-T79U-60,Touring-1000 Blue- 60,1482,Touring,2013-07-01,,2026-01-29T10:47:36.526+01:00,BI_TB,2026-01-29T11:07:27.807+01:00
561,BK-T79Y-46,Touring-1000 Yellow- 46,1482,Touring,2013-07-01,,2026-01-29T10:47:36.526+01:00,BI_TB,2026-01-29T11:07:27.807+01:00
562,BK-T79Y-50,Touring-1000 Yellow- 50,1482,Touring,2013-07-01,,2026-01-29T10:47:36.526+01:00,BI_TB,2026-01-29T11:07:27.807+01:00
563,BK-T79Y-54,Touring-1000 Yellow- 54,1482,Touring,2013-07-01,,2026-01-29T10:47:36.526+01:00,BI_TB,2026-01-29T11:07:27.807+01:00
564,BK-T79Y-60,Touring-1000 Yellow- 60,1482,Touring,2013-07-01,,2026-01-29T10:47:36.526+01:00,BI_TB,2026-01-29T11:07:27.807+01:00
223,CA-1098,AWC Logo Cap,6,Other Sales,2011-07-01,2012-06-30,2026-01-29T10:47:36.526+01:00,CL_CA,2026-01-29T11:07:27.807+01:00
224,CA-1098,AWC Logo Cap,5,Other Sales,2012-07-01,2013-06-30,2026-01-29T10:47:36.526+01:00,CL_CA,2026-01-29T11:07:27.807+01:00
225,CA-1098,AWC Logo Cap,7,Other Sales,2013-07-01,,2026-01-29T10:47:36.526+01:00,CL_CA,2026-01-29T11:07:27.807+01:00
559,CH-0234,Chain,9,n/a,2013-07-01,,2026-01-29T10:47:36.526+01:00,CO_CH,2026-01-29T11:07:27.807+01:00
484,CL-9009,Bike Wash - Dissolver,3,Other Sales,2013-07-01,,2026-01-29T10:47:36.526+01:00,AC_CL,2026-01-29T11:07:27.807+01:00
556,CS-4759,LL Crankset,78,n/a,2013-07-01,,2026-01-29T10:47:36.526+01:00,CO_CS,2026-01-29T11:07:27.807+01:00
557,CS-6583,ML Crankset,114,n/a,2013-07-01,,2026-01-29T10:47:36.526+01:00,CO_CS,2026-01-29T11:07:27.807+01:00
558,CS-9183,HL Crankset,180,n/a,2013-07-01,,2026-01-29T10:47:36.526+01:00,CO_CS,2026-01-29T11:07:27.807+01:00
555,FB-9873,Front Brakes,47,n/a,2013-07-01,,2026-01-29T10:47:36.526+01:00,CO_BR,2026-01-29T11:07:27.807+01:00
552,FD-2342,Front Derailleur,41,n/a,2013-07-01,,2026-01-29T10:47:36.526+01:00,CO_DE,2026-01-29T11:07:27.807+01:00
485,FE-6654,Fender Set - Mountain,8,Mountain,2013-07-01,,2026-01-29T10:47:36.526+01:00,AC_FE,2026-01-29T11:07:27.807+01:00
391,FK-1639,LL Fork,66,n/a,2012-07-01,,2026-01-29T10:47:36.526+01:00,CO_FO,2026-01-29T11:07:27.807+01:00
392,FK-5136,ML Fork,78,n/a,2012-07-01,,2026-01-29T10:47:36.526+01:00,CO_FO,2026-01-29T11:07:27.807+01:00
393,FK-9939,HL Fork,102,n/a,2012-07-01,,2026-01-29T10:47:36.526+01:00,CO_FO,2026-01-29T11:07:27.807+01:00
550,FR-M21B-40,LL Mountain Frame - Black- 40,137,Mountain,2013-07-01,,2026-01-29T10:47:36.526+01:00,CO_MF,2026-01-29T11:07:27.807+01:00
531,FR-M21B-42,LL Mountain Frame - Black- 42,137,Mountain,2013-07-01,,2026-01-29T10:47:36.526+01:00,CO_MF,2026-01-29T11:07:27.807+01:00
532,FR-M21B-44,LL Mountain Frame - Black- 44,137,Mountain,2013-07-01,,2026-01-29T10:47:36.526+01:00,CO_MF,2026-01-29T11:07:27.807+01:00
533,FR-M21B-48,LL Mountain Frame - Black- 48,137,Mountain,2013-07-01,,2026-01-29T10:47:36.526+01:00,CO_MF,2026-01-29T11:07:27.807+01:00
534,FR-M21B-52,LL Mountain Frame - Black- 52,137,Mountain,2013-07-01,,2026-01-29T10:47:36.526+01:00,CO_MF,2026-01-29T11:07:27.807+01:00
551,FR-M21S-40,LL Mountain Frame - Silver- 40,145,Mountain,2013-07-01,,2026-01-29T10:47:36.526+01:00,CO_MF,2026-01-29T11:07:27.807+01:00
524,FR-M21S-42,LL Mountain Frame - Silver- 42,145,Mountain,2013-07-01,,2026-01-29T10:47:36.526+01:00,CO_MF,2026-01-29T11:07:27.807+01:00
525,FR-M21S-44,LL Mountain Frame - Silver- 44,145,Mountain,2013-07-01,,2026-01-29T10:47:36.526+01:00,CO_MF,2026-01-29T11:07:27.807+01:00
526,FR-M21S-48,LL Mountain Frame - Silver- 48,145,Mountain,2013-07-01,,2026-01-29T10:47:36.526+01:00,CO_MF,2026-01-29T11:07:27.807+01:00
527,FR-M21S-52,LL Mountain Frame - Silver- 52,145,Mountain,2013-07-01,,2026-01-29T10:47:36.526+01:00,CO_MF,2026-01-29T11:07:27.807+01:00
409,FR-M63B-38,ML Mountain Frame - Black- 38,186,Mountain,2012-07-01,,2026-01-29T10:47:36.526+01:00,CO_MF,2026-01-29T11:07:27.807+01:00
426,FR-M63B-40,ML Mountain Frame - Black- 40,186,Mountain,2012-07-01,,2026-01-29T10:47:36.526+01:00,CO_MF,2026-01-29T11:07:27.807+01:00
427,FR-M63B-44,ML Mountain Frame - Black- 44,186,Mountain,2012-07-01,,2026-01-29T10:47:36.526+01:00,CO_MF,2026-01-29T11:07:27.807+01:00
428,FR-M63B-48,ML Mountain Frame - Black- 48,186,Mountain,2012-07-01,,2026-01-29T10:47:36.526+01:00,CO_MF,2026-01-29T11:07:27.807+01:00
549,FR-M63S-38,ML Mountain Frame-W - Silver- 38,199,Mountain,2013-07-01,,2026-01-29T10:47:36.526+01:00,CO_MF,2026-01-29T11:07:27.807+01:00
511,FR-M63S-40,ML Mountain Frame-W - Silver- 40,199,Mountain,2013-07-01,,2026-01-29T10:47:36.526+01:00,CO_MF,2026-01-29T11:07:27.807+01:00
512,FR-M63S-42,ML Mountain Frame-W - Silver- 42,199,Mountain,2013-07-01,,2026-01-29T10:47:36.526+01:00,CO_MF,2026-01-29T11:07:27.807+01:00
513,FR-M63S-46,ML Mountain Frame-W - Silver- 46,199,Mountain,2013-07-01,,2026-01-29T10:47:36.526+01:00,CO_MF,2026-01-29T11:07:27.807+01:00
304,FR-M94B-38,HL Mountain Frame - Black- 38,617,Mountain,2011-07-01,2012-06-30,2026-01-29T10:47:36.526+01:00,CO_MF,2026-01-29T11:07:27.807+01:00
305,FR-M94B-38,HL Mountain Frame - Black- 38,654,Mountain,2012-07-01,2013-06-30,2026-01-29T10:47:36.526+01:00,CO_MF,2026-01-29T11:07:27.807+01:00
306,FR-M94B-38,HL Mountain Frame - Black- 38,739,Mountain,2013-07-01,,2026-01-29T10:47:36.526+01:00,CO_MF,2026-01-29T11:07:27.807+01:00
296,FR-M94B-42,HL Mountain Frame - Black- 42,617,Mountain,2011-07-01,2012-06-30,2026-01-29T10:47:36.526+01:00,CO_MF,2026-01-29T11:07:27.807+01:00
297,FR-M94B-42,HL Mountain Frame - Black- 42,654,Mountain,2012-07-01,2013-06-30,2026-01-29T10:47:36.526+01:00,CO_MF,2026-01-29T11:07:27.807+01:00
298,FR-M94B-42,HL Mountain Frame - Black- 42,739,Mountain,2013-07-01,,2026-01-29T10:47:36.526+01:00,CO_MF,2026-01-29T11:07:27.807+01:00
299,FR-M94B-44,HL Mountain Frame - Black- 44,699,Mountain,2011-07-01,,2026-01-29T10:47:36.526+01:00,CO_MF,2026-01-29T11:07:27.807+01:00
301,FR-M94B-46,HL Mountain Frame - Black- 46,617,Mountain,2011-07-01,2012-06-30,2026-01-29T10:47:36.526+01:00,CO_MF,2026-01-29T11:07:27.807+01:00
302,FR-M94B-46,HL Mountain Frame - Black- 46,654,Mountain,2012-07-01,2013-06-30,2026-01-29T10:47:36.526+01:00,CO_MF,2026-01-29T11:07:27.807+01:00
303,FR-M94B-46,HL Mountain Frame - Black- 46,739,Mountain,2013-07-01,,2026-01-29T10:47:36.526+01:00,CO_MF,2026-01-29T11:07:27.807+01:00
300,FR-M94B-48,HL Mountain Frame - Black- 48,699,Mountain,2011-07-01,,2026-01-29T10:47:36.526+01:00,CO_MF,2026-01-29T11:07:27.807+01:00
307,FR-M94S-38,HL Mountain Frame - Silver- 38,624,Mountain,2011-07-01,2012-06-30,2026-01-29T10:47:36.526+01:00,CO_MF,2026-01-29T11:07:27.807+01:00
308,FR-M94S-38,HL Mountain Frame - Silver- 38,661,Mountain,2012-07-01,2013-06-30,2026-01-29T10:47:36.526+01:00,CO_MF,2026-01-29T11:07:27.807+01:00
309,FR-M94S-38,HL Mountain Frame - Silver- 38,747,Mountain,2013-07-01,,2026-01-29T10:47:36.526+01:00,CO_MF,2026-01-29T11:07:27.807+01:00
288,FR-M94S-42,HL Mountain Frame - Silver- 42,624,Mountain,2011-07-01,2012-06-30,2026-01-29T10:47:36.526+01:00,CO_MF,2026-01-29T11:07:27.807+01:00
289,FR-M94S-42,HL Mountain Frame - Silver- 42,661,Mountain,2012-07-01,2013-06-30,2026-01-29T10:47:36.526+01:00,CO_MF,2026-01-29T11:07:27.807+01:00
290,FR-M94S-42,HL Mountain Frame - Silver- 42,747,Mountain,2013-07-01,,2026-01-29T10:47:36.526+01:00,CO_MF,2026-01-29T11:07:27.807+01:00
291,FR-M94S-44,HL Mountain Frame - Silver- 44,707,Mountain,2011-07-01,,2026-01-29T10:47:36.526+01:00,CO_MF,2026-01-29T11:07:27.807+01:00
293,FR-M94S-46,HL Mountain Frame - Silver- 46,624,Mountain,2011-07-01,2012-06-30,2026-01-29T10:47:36.526+01:00,CO_MF,2026-01-29T11:07:27.807+01:00
294,FR-M94S-46,HL Mountain Frame - Silver- 46,661,Mountain,2012-07-01,2013-06-30,2026-01-29T10:47:36.526+01:00,CO_MF,2026-01-29T11:07:27.807+01:00
295,FR-M94S-46,HL Mountain Frame - Silver- 46,747,Mountain,2013-07-01,,2026-01-29T10:47:36.526+01:00,CO_MF,2026-01-29T11:07:27.807+01:00
292,FR-M94S-52,HL Mountain Frame - Silver- 48,707,Mountain,2011-07-01,,2026-01-29T10:47:36.526+01:00,CO_MF,2026-01-29T11:07:27.807+01:00
279,FR-R38B-44,LL Road Frame - Black- 44,176,Road,2011-07-01,2012-06-30,2026-01-29T10:47:36.526+01:00,CO_RF,2026-01-29T11:07:27.807+01:00
280,FR-R38B-44,LL Road Frame - Black- 44,170,Road,2012-07-01,2013-06-30,2026-01-29T10:47:36.526+01:00,CO_RF,2026-01-29T11:07:27.807+01:00
281,FR-R38B-44,LL Road Frame - Black- 44,205,Road,2013-07-01,,2026-01-29T10:47:36.526+01:00,CO_RF,2026-01-29T11:07:27.807+01:00
282,FR-R38B-48,LL Road Frame - Black- 48,176,Road,2011-07-01,2012-06-30,2026-01-29T10:47:36.526+01:00,CO_RF,2026-01-29T11:07:27.807+01:00
283,FR-R38B-48,LL Road Frame - Black- 48,170,Road,2012-07-01,2013-06-30,2026-01-29T10:47:36.526+01:00,CO_RF,2026-01-29T11:07:27.807+01:00
284,FR-R38B-48,LL Road Frame - Black- 48,205,Road,2013-07-01,,2026-01-29T10:47:36.526+01:00,CO_RF,2026-01-29T11:07:27.807+01:00
285,FR-R38B-52,LL Road Frame - Black- 52,176,Road,2011-07-01,2012-06-30,2026-01-29T10:47:36.526+01:00,CO_RF,2026-01-29T11:07:27.807+01:00
286,FR-R38B-52,LL Road Frame - Black- 52,170,Road,2012-07-01,2013-06-30,2026-01-29T10:47:36.526+01:00,CO_RF,2026-01-29T11:07:27.807+01:00
287,FR-R38B-52,LL Road Frame - Black- 52,205,Road,2013-07-01,,2026-01-29T10:47:36.526+01:00,CO_RF,2026-01-29T11:07:27.807+01:00
253,FR-R38B-58,LL Road Frame - Black- 58,176,Road,2011-07-01,2012-06-30,2026-01-29T10:47:36.526+01:00,CO_RF,2026-01-29T11:07:27.807+01:00
254,FR-R38B-58,LL Road Frame - Black- 58,170,Road,2012-07-01,2013-06-30,2026-01-29T10:47:36.526+01:00,CO_RF,2026-01-29T11:07:27.807+01:00
255,FR-R38B-58,LL Road Frame - Black- 58,205,Road,2013-07-01,,2026-01-29T10:47:36.526+01:00,CO_RF,2026-01-29T11:07:27.807+01:00
256,FR-R38B-60,LL Road Frame - Black- 60,176,Road,2011-07-01,2012-06-30,2026-01-29T10:47:36.526+01:00,CO_RF,2026-01-29T11:07:27.807+01:00
257,FR-R38B-60,LL Road Frame - Black- 60,170,Road,2012-07-01,2013-06-30,2026-01-29T10:47:36.526+01:00,CO_RF,2026-01-29T11:07:27.807+01:00
258,FR-R38B-60,LL Road Frame - Black- 60,205,Road,2013-07-01,,2026-01-29T10:47:36.526+01:00,CO_RF,2026-01-29T11:07:27.807+01:00
259,FR-R38B-62,LL Road Frame - Black- 62,176,Road,2011-07-01,2012-06-30,2026-01-29T10:47:36.526+01:00,CO_RF,2026-01-29T11:07:27.807+01:00
260,FR-R38B-62,LL Road Frame - Black- 62,170,Road,2012-07-01,2013-06-30,2026-01-29T10:47:36.526+01:00,CO_RF,2026-01-29T11:07:27.807+01:00
261,FR-R38B-62,LL Road Frame - Black- 62,205,Road,2013-07-01,,2026-01-29T10:47:36.526+01:00,CO_RF,2026-01-29T11:07:27.807+01:00
262,FR-R38R-44,LL Road Frame - Red- 44,181,Road,2011-07-01,2012-06-30,2026-01-29T10:47:36.526+01:00,CO_RF,2026-01-29T11:07:27.807+01:00
263,FR-R38R-44,LL Road Frame - Red- 44,187,Road,2012-07-01,,2026-01-29T10:47:36.526+01:00,CO_RF,2026-01-29T11:07:27.807+01:00
264,FR-R38R-48,LL Road Frame - Red- 48,181,Road,2011-07-01,2012-06-30,2026-01-29T10:47:36.526+01:00,CO_RF,2026-01-29T11:07:27.807+01:00
265,FR-R38R-48,LL Road Frame - Red- 48,187,Road,2012-07-01,,2026-01-29T10:47:36.526+01:00,CO_RF,2026-01-29T11:07:27.807+01:00
266,FR-R38R-52,LL Road Frame - Red- 52,181,Road,2011-07-01,2012-06-30,2026-01-29T10:47:36.526+01:00,CO_RF,2026-01-29T11:07:27.807+01:00
267,FR-R38R-52,LL Road Frame - Red- 52,187,Road,2012-07-01,,2026-01-29T10:47:36.526+01:00,CO_RF,2026-01-29T11:07:27.807+01:00
268,FR-R38R-58,LL Road Frame - Red- 58,181,Road,2011-07-01,2012-06-30,2026-01-29T10:47:36.526+01:00,CO_RF,2026-01-29T11:07:27.807+01:00
269,FR-R38R-58,LL Road Frame - Red- 58,187,Road,2012-07-01,,2026-01-29T10:47:36.526+01:00,CO_RF,2026-01-29T11:07:27.807+01:00
270,FR-R38R-60,LL Road Frame - Red- 60,181,Road,2011-07-01,2012-06-30,2026-01-29T10:47:36.526+01:00,CO_RF,2026-01-29T11:07:27.807+01:00
271,FR-R38R-60,LL Road Frame - Red- 60,187,Road,2012-07-01,,2026-01-29T10:47:36.526+01:00,CO_RF,2026-01-29T11:07:27.807+01:00
272,FR-R38R-62,LL Road Frame - Red- 62,181,Road,2011-07-01,2012-06-30,2026-01-29T10:47:36.526+01:00,CO_RF,2026-01-29T11:07:27.807+01:00
273,FR-R38R-62,LL Road Frame - Red- 62,187,Road,2012-07-01,,2026-01-29T10:47:36.526+01:00,CO_RF,2026-01-29T11:07:27.807+01:00
274,FR-R72R-44,ML Road Frame - Red- 44,352,Road,2011-07-01,,2026-01-29T10:47:36.526+01:00,CO_RF,2026-01-29T11:07:27.807+01:00
275,FR-R72R-48,ML Road Frame - Red- 48,352,Road,2011-07-01,,2026-01-29T10:47:36.526+01:00,CO_RF,2026-01-29T11:07:27.807+01:00
276,FR-R72R-52,ML Road Frame - Red- 52,352,Road,2011-07-01,,2026-01-29T10:47:36.526+01:00,CO_RF,2026-01-29T11:07:27.807+01:00
277,FR-R72R-58,ML Road Frame - Red- 58,352,Road,2011-07-01,,2026-01-29T10:47:36.526+01:00,CO_RF,2026-01-29T11:07:27.807+01:00
278,FR-R72R-60,ML Road Frame - Red- 60,352,Road,2011-07-01,,2026-01-29T10:47:36.526+01:00,CO_RF,2026-01-29T11:07:27.807+01:00
417,FR-R72Y-38,ML Road Frame-W - Yellow- 38,300,Road,2012-07-01,2013-06-30,2026-01-29T10:47:36.526+01:00,CO_RF,2026-01-29T11:07:27.807+01:00
418,FR-R72Y-38,ML Road Frame-W - Yellow- 38,361,Road,2013-07-01,,2026-01-29T10:47:36.526+01:00,CO_RF,2026-01-29T11:07:27.807+01:00
429,FR-R72Y-40,ML Road Frame-W - Yellow- 40,300,Road,2012-07-01,2013-06-30,2026-01-29T10:47:36.526+01:00,CO_RF,2026-01-29T11:07:27.807+01:00
430,FR-R72Y-40,ML Road Frame-W - Yellow- 40,361,Road,2013-07-01,,2026-01-29T10:47:36.526+01:00,CO_RF,2026-01-29T11:07:27.807+01:00
431,FR-R72Y-42,ML Road Frame-W - Yellow- 42,300,Road,2012-07-01,2013-06-30,2026-01-29T10:47:36.526+01:00,CO_RF,2026-01-29T11:07:27.807+01:00
432,FR-R72Y-42,ML Road Frame-W - Yellow- 42,361,Road,2013-07-01,,2026-01-29T10:47:36.526+01:00,CO_RF,2026-01-29T11:07:27.807+01:00
433,FR-R72Y-44,ML Road Frame-W - Yellow- 44,300,Road,2012-07-01,2013-06-30,2026-01-29T10:47:36.526+01:00,CO_RF,2026-01-29T11:07:27.807+01:00
434,FR-R72Y-44,ML Road Frame-W - Yellow- 44,361,Road,2013-07-01,,2026-01-29T10:47:36.526+01:00,CO_RF,2026-01-29T11:07:27.807+01:00
435,FR-R72Y-48,ML Road Frame-W - Yellow- 48,300,Road,2012-07-01,2013-06-30,2026-01-29T10:47:36.526+01:00,CO_RF,2026-01-29T11:07:27.807+01:00
436,FR-R72Y-48,ML Road Frame-W - Yellow- 48,361,Road,2013-07-01,,2026-01-29T10:47:36.526+01:00,CO_RF,2026-01-29T11:07:27.807+01:00
439,FR-R92B-44,HL Road Frame - Black- 44,722,Road,2012-07-01,2013-06-30,2026-01-29T10:47:36.526+01:00,CO_RF,2026-01-29T11:07:27.807+01:00
440,FR-R92B-44,HL Road Frame - Black- 44,869,Road,2013-07-01,,2026-01-29T10:47:36.526+01:00,CO_RF,2026-01-29T11:07:27.807+01:00
441,FR-R92B-48,HL Road Frame - Black- 48,722,Road,2012-07-01,2013-06-30,2026-01-29T10:47:36.526+01:00,CO_RF,2026-01-29T11:07:27.807+01:00
442,FR-R92B-48,HL Road Frame - Black- 48,869,Road,2013-07-01,,2026-01-29T10:47:36.526+01:00,CO_RF,2026-01-29T11:07:27.807+01:00
443,FR-R92B-52,HL Road Frame - Black- 52,722,Road,2012-07-01,2013-06-30,2026-01-29T10:47:36.526+01:00,CO_RF,2026-01-29T11:07:27.807+01:00
444,FR-R92B-52,HL Road Frame - Black- 52,869,Road,2013-07-01,,2026-01-29T10:47:36.526+01:00,CO_RF,2026-01-29T11:07:27.807+01:00
210,FR-R92B-58,HL Road Frame - Black- 58,0,Road,2003-07-01,,2026-01-29T10:47:36.526+01:00,CO_RF,2026-01-29T11:07:27.807+01:00
437,FR-R92B-62,HL Road Frame - Black- 62,722,Road,2012-07-01,2013-06-30,2026-01-29T10:47:36.526+01:00,CO_RF,2026-01-29T11:07:27.807+01:00
438,FR-R92B-62,HL Road Frame - Black- 62,869,Road,2013-07-01,,2026-01-29T10:47:36.526+01:00,CO_RF,2026-01-29T11:07:27.807+01:00
241,FR-R92R-44,HL Road Frame - Red- 44,748,Road,2011-07-01,2012-06-30,2026-01-29T10:47:36.526+01:00,CO_RF,2026-01-29T11:07:27.807+01:00
242,FR-R92R-44,HL Road Frame - Red- 44,722,Road,2012-07-01,2013-06-30,2026-01-29T10:47:36.526+01:00,CO_RF,2026-01-29T11:07:27.807+01:00
243,FR-R92R-44,HL Road Frame - Red- 44,869,Road,2013-07-01,,2026-01-29T10:47:36.526+01:00,CO_RF,2026-01-29T11:07:27.807+01:00
244,FR-R92R-48,HL Road Frame - Red- 48,748,Road,2011-07-01,2012-06-30,2026-01-29T10:47:36.526+01:00,CO_RF,2026-01-29T11:07:27.807+01:00
245,FR-R92R-48,HL Road Frame - Red- 48,722,Road,2012-07-01,2013-06-30,2026-01-29T10:47:36.526+01:00,CO_RF,2026-01-29T11:07:27.807+01:00
246,FR-R92R-48,HL Road Frame - Red- 48,869,Road,2013-07-01,,2026-01-29T10:47:36.526+01:00,CO_RF,2026-01-29T11:07:27.807+01:00
247,FR-R92R-52,HL Road Frame - Red- 52,748,Road,2011-07-01,2012-06-30,2026-01-29T10:47:36.526+01:00,CO_RF,2026-01-29T11:07:27.807+01:00
248,FR-R92R-52,HL Road Frame - Red- 52,722,Road,2012-07-01,2013-06-30,2026-01-29T10:47:36.526+01:00,CO_RF,2026-01-29T11:07:27.807+01:00
249,FR-R92R-52,HL Road Frame - Red- 52,869,Road,2013-07-01,,2026-01-29T10:47:36.526+01:00,CO_RF,2026-01-29T11:07:27.807+01:00
250,FR-R92R-56,HL Road Frame - Red- 56,748,Road,2011-07-01,2012-06-30,2026-01-29T10:47:36.526+01:00,CO_RF,2026-01-29T11:07:27.807+01:00
251,FR-R92R-56,HL Road Frame - Red- 56,722,Road,2012-07-01,2013-06-30,2026-01-29T10:47:36.526+01:00,CO_RF,2026-01-29T11:07:27.807+01:00
252,FR-R92R-56,HL Road Frame - Red- 56,869,Road,2013-07-01,,2026-01-29T10:47:36.526+01:00,CO_RF,2026-01-29T11:07:27.807+01:00
211,FR-R92R-58,HL Road Frame - Red- 58,0,Road,2003-07-01,,2026-01-29T10:47:36.526+01:00,CO_RF,2026-01-29T11:07:27.807+01:00
238,FR-R92R-62,HL Road Frame - Red- 62,748,Road,2011-07-01,2012-06-30,2026-01-29T10:47:36.526+01:00,CO_RF,2026-01-29T11:07:27.807+01:00
239,FR-R92R-62,HL Road Frame - Red- 62,722,Road,2012-07-01,2013-06-30,2026-01-29T10:47:36.526+01:00,CO_RF,2026-01-29T11:07:27.807+01:00
240,FR-R92R-62,HL Road Frame - Red- 62,869,Road,2013-07-01,,2026-01-29T10:47:36.526+01:00,CO_RF,2026-01-29T11:07:27.807+01:00
510,FR-T67U-44,LL Touring Frame - Blue- 44,200,Touring,2013-07-01,,2026-01-29T10:47:36.526+01:00,CO_TF,2026-01-29T11:07:27.807+01:00
502,FR-T67U-50,LL Touring Frame - Blue- 50,200,Touring,2013-07-01,,2026-01-29T10:47:36.526+01:00,CO_TF,2026-01-29T11:07:27.807+01:00
503,FR-T67U-54,LL Touring Frame - Blue- 54,200,Touring,2013-07-01,,2026-01-29T10:47:36.526+01:00,CO_TF,2026-01-29T11:07:27.807+01:00
504,FR-T67U-58,LL Touring Frame - Blue- 58,200,Touring,2013-07-01,,2026-01-29T10:47:36.526+01:00,CO_TF,2026-01-29T11:07:27.807+01:00
505,FR-T67U-62,LL Touring Frame - Blue- 62,200,Touring,2013-07-01,,2026-01-29T10:47:36.526+01:00,CO_TF,2026-01-29T11:07:27.807+01:00
506,FR-T67Y-44,LL Touring Frame - Yellow- 44,200,Touring,2013-07-01,,2026-01-29T10:47:36.526+01:00,CO_TF,2026-01-29T11:07:27.807+01:00
507,FR-T67Y-50,LL Touring Frame - Yellow- 50,200,Touring,2013-07-01,,2026-01-29T10:47:36.526+01:00,CO_TF,2026-01-29T11:07:27.807+01:00
508,FR-T67Y-54,LL Touring Frame - Yellow- 54,200,Touring,2013-07-01,,2026-01-29T10:47:36.526+01:00,CO_TF,2026-01-29T11:07:27.807+01:00
509,FR-T67Y-58,LL Touring Frame - Yellow- 58,200,Touring,2013-07-01,,2026-01-29T10:47:36.526+01:00,CO_TF,2026-01-29T11:07:27.807+01:00
493,FR-T67Y-62,LL Touring Frame - Yellow- 62,200,Touring,2013-07-01,,2026-01-29T10:47:36.526+01:00,CO_TF,2026-01-29T11:07:27.807+01:00
497,FR-T98U-46,HL Touring Frame - Blue- 46,602,Touring,2013-07-01,,2026-01-29T10:47:36.526+01:00,CO_TF,2026-01-29T11:07:27.807+01:00
498,FR-T98U-50,HL Touring Frame - Blue- 50,602,Touring,2013-07-01,,2026-01-29T10:47:36.526+01:00,CO_TF,2026-01-29T11:07:27.807+01:00
499,FR-T98U-54,HL Touring Frame - Blue- 54,602,Touring,2013-07-01,,2026-01-29T10:47:36.526+01:00,CO_TF,2026-01-29T11:07:27.807+01:00
500,FR-T98U-60,HL Touring Frame - Blue- 60,602,Touring,2013-07-01,,2026-01-29T10:47:36.526+01:00,CO_TF,2026-01-29T11:07:27.807+01:00
494,FR-T98Y-46,HL Touring Frame - Yellow- 46,602,Touring,2013-07-01,,2026-01-29T10:47:36.526+01:00,CO_TF,2026-01-29T11:07:27.807+01:00
495,FR-T98Y-50,HL Touring Frame - Yellow- 50,602,Touring,2013-07-01,,2026-01-29T10:47:36.526+01:00,CO_TF,2026-01-29T11:07:27.807+01:00
496,FR-T98Y-54,HL Touring Frame - Yellow- 54,602,Touring,2013-07-01,,2026-01-29T10:47:36.526+01:00,CO_TF,2026-01-29T11:07:27.807+01:00
492,FR-T98Y-60,HL Touring Frame - Yellow- 60,602,Touring,2013-07-01,,2026-01-29T10:47:36.526+01:00,CO_TF,2026-01-29T11:07:27.807+01:00
410,FW-M423,LL Mountain Front Wheel,27,Mountain,2012-07-01,,2026-01-29T10:47:36.526+01:00,CO_WH,2026-01-29T11:07:27.807+01:00
411,FW-M762,ML Mountain Front Wheel,93,Mountain,2012-07-01,,2026-01-29T10:47:36.526+01:00,CO_WH,2026-01-29T11:07:27.807+01:00
412,FW-M928,HL Mountain Front Wheel,133,Mountain,2012-07-01,,2026-01-29T10:47:36.526+01:00,CO_WH,2026-01-29T11:07:27.807+01:00
413,FW-R623,LL Road Front Wheel,38,Road,2012-07-01,,2026-01-29T10:47:36.526+01:00,CO_WH,2026-01-29T11:07:27.807+01:00
414,FW-R762,ML Road Front Wheel,110,Road,2012-07-01,,2026-01-29T10:47:36.526+01:00,CO_WH,2026-01-29T11:07:27.807+01:00
415,FW-R820,HL Road Front Wheel,147,Road,2012-07-01,,2026-01-29T10:47:36.526+01:00,CO_WH,2026-01-29T11:07:27.807+01:00
416,FW-T905,Touring Front Wheel,97,Touring,2012-07-01,,2026-01-29T10:47:36.526+01:00,CO_WH,2026-01-29T11:07:27.807+01:00
470,GL-F110-L,Full-Finger Gloves- L,16,Mountain,2012-07-01,,2026-01-29T10:47:36.526+01:00,CL_GL,2026-01-29T11:07:27.807+01:00
469,GL-F110-M,Full-Finger Gloves- M,16,Mountain,2012-07-01,,2026-01-29T10:47:36.526+01:00,CL_GL,2026-01-29T11:07:27.807+01:00
468,GL-F110-S,Full-Finger Gloves- S,16,Mountain,2012-07-01,,2026-01-29T10:47:36.526+01:00,CL_GL,2026-01-29T11:07:27.807+01:00
466,GL-H102-L,Half-Finger Gloves- L,10,Other Sales,2012-07-01,2013-06-30,2026-01-29T10:47:36.526+01:00,CL_GL,2026-01-29T11:07:27.807+01:00
467,GL-H102-L,Half-Finger Gloves- L,9,Other Sales,2013-07-01,,2026-01-29T10:47:36.526+01:00,CL_GL,2026-01-29T11:07:27.807+01:00
464,GL-H102-M,Half-Finger Gloves- M,10,Other Sales,2012-07-01,2013-06-30,2026-01-29T10:47:36.526+01:00,CL_GL,2026-01-29T11:07:27.807+01:00
465,GL-H102-M,Half-Finger Gloves- M,9,Other Sales,2013-07-01,,2026-01-29T10:47:36.526+01:00,CL_GL,2026-01-29T11:07:27.807+01:00
462,GL-H102-S,Half-Finger Gloves- S,10,Other Sales,2012-07-01,2013-06-30,2026-01-29T10:47:36.526+01:00,CL_GL,2026-01-29T11:07:27.807+01:00
463,GL-H102-S,Half-Finger Gloves- S,9,Other Sales,2013-07-01,,2026-01-29T10:47:36.526+01:00,CL_GL,2026-01-29T11:07:27.807+01:00
397,HB-M243,LL Mountain Handlebars,18,Mountain,2012-07-01,2013-06-30,2026-01-29T10:47:36.526+01:00,CO_HB,2026-01-29T11:07:27.807+01:00
398,HB-M243,LL Mountain Handlebars,20,Mountain,2013-07-01,,2026-01-29T10:47:36.526+01:00,CO_HB,2026-01-29T11:07:27.807+01:00
399,HB-M763,ML Mountain Handlebars,25,Mountain,2012-07-01,2013-06-30,2026-01-29T10:47:36.526+01:00,CO_HB,2026-01-29T11:07:27.807+01:00
400,HB-M763,ML Mountain Handlebars,27,Mountain,2013-07-01,,2026-01-29T10:47:36.526+01:00,CO_HB,2026-01-29T11:07:27.807+01:00
401,HB-M918,HL Mountain Handlebars,49,Mountain,2012-07-01,2013-06-30,2026-01-29T10:47:36.526+01:00,CO_HB,2026-01-29T11:07:27.807+01:00
402,HB-M918,HL Mountain Handlebars,53,Mountain,2013-07-01,,2026-01-29T10:47:36.526+01:00,CO_HB,2026-01-29T11:07:27.807+01:00
403,HB-R504,LL Road Handlebars,18,Road,2012-07-01,2013-06-30,2026-01-29T10:47:36.526+01:00,CO_HB,2026-01-29T11:07:27.807+01:00
404,HB-R504,LL Road Handlebars,20,Road,2013-07-01,,2026-01-29T10:47:36.526+01:00,CO_HB,2026-01-29T11:07:27.807+01:00
405,HB-R720,ML Road Handlebars,25,Road,2012-07-01,2013-06-30,2026-01-29T10:47:36.526+01:00,CO_HB,2026-01-29T11:07:27.807+01:00
406,HB-R720,ML Road Handlebars,27,Road,2013-07-01,,2026-01-29T10:47:36.526+01:00,CO_HB,2026-01-29T11:07:27.807+01:00
407,HB-R956,HL Road Handlebars,49,Road,2012-07-01,2013-06-30,2026-01-29T10:47:36.526+01:00,CO_HB,2026-01-29T11:07:27.807+01:00
408,HB-R956,HL Road Handlebars,53,Road,2013-07-01,,2026-01-29T10:47:36.526+01:00,CO_HB,2026-01-29T11:07:27.807+01:00
553,HB-T721,LL Touring Handlebars,20,Touring,2013-07-01,,2026-01-29T10:47:36.526+01:00,CO_HB,2026-01-29T11:07:27.807+01:00
554,HB-T928,HL Touring Handlebars,41,Touring,2013-07-01,,2026-01-29T10:47:36.526+01:00,CO_HB,2026-01-29T11:07:27.807+01:00
215,HL-U509,Sport-100 Helmet- Black,12,Other Sales,2011-07-01,2012-06-30,2026-01-29T10:47:36.526+01:00,AC_HE,2026-01-29T11:07:27.807+01:00
216,HL-U509,Sport-100 Helmet- Black,14,Other Sales,2012-07-01,2013-06-30,2026-01-29T10:47:36.526+01:00,AC_HE,2026-01-29T11:07:27.807+01:00
217,HL-U509,Sport-100 Helmet- Black,13,Other Sales,2013-07-01,,2026-01-29T10:47:36.526+01:00,AC_HE,2026-01-29T11:07:27.807+01:00
220,HL-U509-B,Sport-100 Helmet- Blue,12,Other Sales,2011-07-01,2012-06-30,2026-01-29T10:47:36.526+01:00,AC_HE,2026-01-29T11:07:27.807+01:00
221,HL-U509-B,Sport-100 Helmet- Blue,14,Other Sales,2012-07-01,2013-06-30,2026-01-29T10:47:36.526+01:00,AC_HE,2026-01-29T11:07:27.807+01:00
222,HL-U509-B,Sport-100 Helmet- Blue,13,Other Sales,2013-07-01,,2026-01-29T10:47:36.526+01:00,AC_HE,2026-01-29T11:07:27.807+01:00
212,HL-U509-R,Sport-100 Helmet- Red,12,Other Sales,2011-07-01,2012-06-30,2026-01-29T10:47:36.526+01:00,AC_HE,2026-01-29T11:07:27.807+01:00
213,HL-U509-R,Sport-100 Helmet- Red,14,Other Sales,2012-07-01,2013-06-30,2026-01-29T10:47:36.526+01:00,AC_HE,2026-01-29T11:07:27.807+01:00
214,HL-U509-R,Sport-100 Helmet- Red,13,Other Sales,2013-07-01,,2026-01-29T10:47:36.526+01:00,AC_HE,2026-01-29T11:07:27.807+01:00
394,HS-0296,LL Headset,15,n/a,2012-07-01,,2026-01-29T10:47:36.526+01:00,CO_HS,2026-01-29T11:07:27.807+01:00
395,HS-2451,ML Headset,45,n/a,2012-07-01,,2026-01-29T10:47:36.526+01:00,CO_HS,2026-01-29T11:07:27.807+01:00
396,HS-3479,HL Headset,55,n/a,2012-07-01,,2026-01-29T10:47:36.526+01:00,CO_HS,2026-01-29T11:07:27.807+01:00
487,HY-1023-70,Hydration Pack - 70 oz.,21,Other Sales,2013-07-01,,2026-01-29T10:47:36.526+01:00,AC_HP,2026-01-29T11:07:27.807+01:00
232,LJ-0192-L,Long-Sleeve Logo Jersey- L,32,Other Sales,2011-07-01,2012-06-30,2026-01-29T10:47:36.526+01:00,CL_JE,2026-01-29T11:07:27.807+01:00
233,LJ-0192-L,Long-Sleeve Logo Jersey- L,29,Other Sales,2012-07-01,2013-06-30,2026-01-29T10:47:36.526+01:00,CL_JE,2026-01-29T11:07:27.807+01:00
234,LJ-0192-L,Long-Sleeve Logo Jersey- L,38,Other Sales,2013-07-01,,2026-01-29T10:47:36.526+01:00,CL_JE,2026-01-29T11:07:27.807+01:00
229,LJ-0192-M,Long-Sleeve Logo Jersey- M,32,Other Sales,2011-07-01,2012-06-30,2026-01-29T10:47:36.526+01:00,CL_JE,2026-01-29T11:07:27.807+01:00
230,LJ-0192-M,Long-Sleeve Logo Jersey- M,29,Other Sales,2012-07-01,2013-06-30,2026-01-29T10:47:36.526+01:00,CL_JE,2026-01-29T11:07:27.807+01:00
231,LJ-0192-M,Long-Sleeve Logo Jersey- M,38,Other Sales,2013-07-01,,2026-01-29T10:47:36.526+01:00,CL_JE,2026-01-29T11:07:27.807+01:00
226,LJ-0192-S,Long-Sleeve Logo Jersey- S,32,Other Sales,2011-07-01,2012-06-30,2026-01-29T10:47:36.526+01:00,CL_JE,2026-01-29T11:07:27.807+01:00
227,LJ-0192-S,Long-Sleeve Logo Jersey- S,29,Other Sales,2012-07-01,2013-06-30,2026-01-29T10:47:36.526+01:00,CL_JE,2026-01-29T11:07:27.807+01:00
228,LJ-0192-S,Long-Sleeve Logo Jersey- S,38,Other Sales,2013-07-01,,2026-01-29T10:47:36.526+01:00,CL_JE,2026-01-29T11:07:27.807+01:00
235,LJ-0192-X,Long-Sleeve Logo Jersey- XL,32,Other Sales,2011-07-01,2012-06-30,2026-01-29T10:47:36.526+01:00,CL_JE,2026-01-29T11:07:27.807+01:00
236,LJ-0192-X,Long-Sleeve Logo Jersey- XL,29,Other Sales,2012-07-01,2013-06-30,2026-01-29T10:47:36.526+01:00,CL_JE,2026-01-29T11:07:27.807+01:00
237,LJ-0192-X,Long-Sleeve Logo Jersey- XL,38,Other Sales,2013-07-01,,2026-01-29T10:47:36.526+01:00,CL_JE,2026-01-29T11:07:27.807+01:00
447,LO-C100,Cable Lock,10,Other Sales,2012-07-01,,2026-01-29T10:47:36.526+01:00,AC_LO,2026-01-29T11:07:27.807+01:00
451,LT-H902,Headlights - Dual-Beam,14,Road,2012-07-01,,2026-01-29T10:47:36.526+01:00,AC_LI,2026-01-29T11:07:27.807+01:00
452,LT-H903,Headlights - Weatherproof,19,Road,2012-07-01,,2026-01-29T10:47:36.526+01:00,AC_LI,2026-01-29T11:07:27.807+01:00
450,LT-T990,Taillights - Battery-Powered,6,Road,2012-07-01,,2026-01-29T10:47:36.526+01:00,AC_LI,2026-01-29T11:07:27.807+01:00
446,PA-T100,Touring-Panniers- Large,52,Touring,2012-07-01,,2026-01-29T10:47:36.526+01:00,AC_PA,2026-01-29T11:07:27.807+01:00
542,PD-M282,LL Mountain Pedal,18,Mountain,2013-07-01,,2026-01-29T10:47:36.526+01:00,CO_PE,2026-01-29T11:07:27.807+01:00
543,PD-M340,ML Mountain Pedal,28,Mountain,2013-07-01,,2026-01-29T10:47:36.526+01:00,CO_PE,2026-01-29T11:07:27.807+01:00
544,PD-M562,HL Mountain Pedal,36,Mountain,2013-07-01,,2026-01-29T10:47:36.526+01:00,CO_PE,2026-01-29T11:07:27.807+01:00
545,PD-R347,LL Road Pedal,18,Road,2013-07-01,,2026-01-29T10:47:36.526+01:00,CO_PE,2026-01-29T11:07:27.807+01:00
546,PD-R563,ML Road Pedal,28,Road,2013-07-01,,2026-01-29T10:47:36.526+01:00,CO_PE,2026-01-29T11:07:27.807+01:00
547,PD-R853,HL Road Pedal,36,Road,2013-07-01,,2026-01-29T10:47:36.526+01:00,CO_PE,2026-01-29T11:07:27.807+01:00
548,PD-T852,Touring Pedal,36,Touring,2013-07-01,,2026-01-29T10:47:36.526+01:00,CO_PE,2026-01-29T11:07:27.807+01:00
480,PK-7098,Patch Kit/8 Patches,1,Other Sales,2013-07-01,,2026-01-29T10:47:36.526+01:00,AC_TT,2026-01-29T11:07:27.807+01:00
448,PU-0452,Minipump,8,Other Sales,2012-07-01,,2026-01-29T10:47:36.526+01:00,AC_PU,2026-01-29T11:07:27.807+01:00
449,PU-M044,Mountain Pump,10,Mountain,2012-07-01,,2026-01-29T10:47:36.526+01:00,AC_PU,2026-01-29T11:07:27.807+01:00
483,RA-H123,Hitch Rack - 4-Bike,45,Other Sales,2013-07-01,,2026-01-29T10:47:36.526+01:00,AC_BR,2026-01-29T11:07:27.807+01:00
514,RB-9231,Rear Brakes,47,n/a,2013-07-01,,2026-01-29T10:47:36.526+01:00,CO_BR,2026-01-29T11:07:27.807+01:00
501,RD-2308,Rear Derailleur,54,n/a,2013-07-01,,2026-01-29T10:47:36.526+01:00,CO_DE,2026-01-29T11:07:27.807+01:00
419,RW-M423,LL Mountain Rear Wheel,39,Mountain,2012-07-01,,2026-01-29T10:47:36.526+01:00,CO_WH,2026-01-29T11:07:27.807+01:00
420,RW-M762,ML Mountain Rear Wheel,105,Mountain,2012-07-01,,2026-01-29T10:47:36.526+01:00,CO_WH,2026-01-29T11:07:27.807+01:00
421,RW-M928,HL Mountain Rear Wheel,145,Mountain,2012-07-01,,2026-01-29T10:47:36.526+01:00,CO_WH,2026-01-29T11:07:27.807+01:00
422,RW-R623,LL Road Rear Wheel,50,Road,2012-07-01,,2026-01-29T10:47:36.526+01:00,CO_WH,2026-01-29T11:07:27.807+01:00
423,RW-R762,ML Road Rear Wheel,122,Road,2012-07-01,,2026-01-29T10:47:36.526+01:00,CO_WH,2026-01-29T11:07:27.807+01:00
424,RW-R820,HL Road Rear Wheel,159,Road,2012-07-01,,2026-01-29T10:47:36.526+01:00,CO_WH,2026-01-29T11:07:27.807+01:00
425,RW-T905,Touring Rear Wheel,109,Touring,2012-07-01,,2026-01-29T10:47:36.526+01:00,CO_WH,2026-01-29T11:07:27.807+01:00
461,SB-M891-L,Men's Bib-Shorts- L,37,Other Sales,2012-07-01,,2026-01-29T10:47:36.526+01:00,CL_BS,2026-01-29T11:07:27.807+01:00
460,SB-M891-M,Men's Bib-Shorts- M,37,Other Sales,2012-07-01,,2026-01-29T10:47:36.526+01:00,CL_BS,2026-01-29T11:07:27.807+01:00
459,SB-M891-S,Men's Bib-Shorts- S,37,Other Sales,2012-07-01,,2026-01-29T10:47:36.526+01:00,CL_BS,2026-01-29T11:07:27.807+01:00
515,SE-M236,LL Mountain Seat/Saddle,12,Mountain,2013-07-01,,2026-01-29T10:47:36.526+01:00,CO_SA,2026-01-29T11:07:27.807+01:00
516,SE-M798,ML Mountain Seat/Saddle,17,Mountain,2013-07-01,,2026-01-29T10:47:36.526+01:00,CO_SA,2026-01-29T11:07:27.807+01:00
517,SE-M940,HL Mountain Seat/Saddle,23,Mountain,2013-07-01,,2026-01-29T10:47:36.526+01:00,CO_SA,2026-01-29T11:07:27.807+01:00
518,SE-R581,LL Road Seat/Saddle,12,Road,2013-07-01,,2026-01-29T10:47:36.526+01:00,CO_SA,2026-01-29T11:07:27.807+01:00
519,SE-R908,ML Road Seat/Saddle,17,Touring,2013-07-01,,2026-01-29T10:47:36.526+01:00,CO_SA,2026-01-29T11:07:27.807+01:00
520,SE-R995,HL Road Seat/Saddle,23,Road,2013-07-01,,2026-01-29T10:47:36.526+01:00,CO_SA,2026-01-29T11:07:27.807+01:00
521,SE-T312,LL Touring Seat/Saddle,12,Touring,2013-07-01,,2026-01-29T10:47:36.526+01:00,CO_SA,2026-01-29T11:07:27.807+01:00
522,SE-T762,ML Touring Seat/Saddle,17,Touring,2013-07-01,,2026-01-29T10:47:36.526+01:00,CO_SA,2026-01-29T11:07:27.807+01:00
523,SE-T924,HL Touring Seat/Saddle,23,Touring,2013-07-01,,2026-01-29T10:47:36.526+01:00,CO_SA,2026-01-29T11:07:27.807+01:00
454,SH-M897-L,Men's Sports Shorts- L,25,Other Sales,2012-07-01,,2026-01-29T10:47:36.526+01:00,CL_SH,2026-01-29T11:07:27.807+01:00
453,SH-M897-M,Men's Sports Shorts- M,25,Other Sales,2012-07-01,,2026-01-29T10:47:36.526+01:00,CL_SH,2026-01-29T11:07:27.807+01:00
445,SH-M897-S,Men's Sports Shorts- S,25,Other Sales,2012-07-01,,2026-01-29T10:47:36.526+01:00,CL_SH,2026-01-29T11:07:27.807+01:00
455,SH-M897-X,Men's Sports Shorts- XL,25,Other Sales,2012-07-01,,2026-01-29T10:47:36.526+01:00,CL_SH,2026-01-29T11:07:27.807+01:00
476,SH-W890-L,Women's Mountain Shorts- L,26,Mountain,2013-07-01,,2026-01-29T10:47:36.526+01:00,CL_SH,2026-01-29T11:07:27.807+01:00
475,SH-W890-M,Women's Mountain Shorts- M,26,Mountain,2013-07-01,,2026-01-29T10:47:36.526+01:00,CL_SH,2026-01-29T11:07:27.807+01:00
474,SH-W890-S,Women's Mountain Shorts- S,26,Mountain,2013-07-01,,2026-01-29T10:47:36.526+01:00,CL_SH,2026-01-29T11:07:27.807+01:00
490,SJ-0194-L,Short-Sleeve Classic Jersey- L,42,Other Sales,2013-07-01,,2026-01-29T10:47:36.526+01:00,CL_JE,2026-01-29T11:07:27.807+01:00
489,SJ-0194-M,Short-Sleeve Classic Jersey- M,42,Other Sales,2013-07-01,,2026-01-29T10:47:36.526+01:00,CL_JE,2026-01-29T11:07:27.807+01:00
488,SJ-0194-S,Short-Sleeve Classic Jersey- S,42,Other Sales,2013-07-01,,2026-01-29T10:47:36.526+01:00,CL_JE,2026-01-29T11:07:27.807+01:00
491,SJ-0194-X,Short-Sleeve Classic Jersey- XL,42,Other Sales,2013-07-01,,2026-01-29T10:47:36.526+01:00,CL_JE,2026-01-29T11:07:27.807+01:00
219,SO-B909-L,Mountain Bike Socks- L,3,Mountain,2011-07-01,,2026-01-29T10:47:36.526+01:00,CL_SO,2026-01-29T11:07:27.807+01:00
218,SO-B909-M,Mountain Bike Socks- M,3,Mountain,2011-07-01,,2026-01-29T10:47:36.526+01:00,CL_SO,2026-01-29T11:07:27.807+01:00
482,SO-R809-L,Racing Socks- L,3,Road,2013-07-01,,2026-01-29T10:47:36.526+01:00,CL_SO,2026-01-29T11:07:27.807+01:00
481,SO-R809-M,Racing Socks- M,3,Road,2013-07-01,,2026-01-29T10:47:36.526+01:00,CL_SO,2026-01-29T11:07:27.807+01:00
486,ST-1401,All-Purpose Bike Stand,59,Mountain,2013-07-01,,2026-01-29T10:47:36.526+01:00,AC_BS,2026-01-29T11:07:27.807+01:00
458,TG-W091-L,Women's Tights- L,31,Other Sales,2012-07-01,,2026-01-29T10:47:36.526+01:00,CL_TI,2026-01-29T11:07:27.807+01:00
457,TG-W091-M,Women's Tights- M,31,Other Sales,2012-07-01,,2026-01-29T10:47:36.526+01:00,CL_TI,2026-01-29T11:07:27.807+01:00
456,TG-W091-S,Women's Tights- S,31,Other Sales,2012-07-01,,2026-01-29T10:47:36.526+01:00,CL_TI,2026-01-29T11:07:27.807+01:00
535,TI-M267,LL Mountain Tire,9,Mountain,2013-07-01,,2026-01-29T10:47:36.526+01:00,AC_TT,2026-01-29T11:07:27.807+01:00
536,TI-M602,ML Mountain Tire,11,Mountain,2013-07-01,,2026-01-29T10:47:36.526+01:00,AC_TT,2026-01-29T11:07:27.807+01:00
537,TI-M823,HL Mountain Tire,13,Mountain,2013-07-01,,2026-01-29T10:47:36.526+01:00,AC_TT,2026-01-29T11:07:27.807+01:00
538,TI-R092,LL Road Tire,8,Road,2013-07-01,,2026-01-29T10:47:36.526+01:00,AC_TT,2026-01-29T11:07:27.807+01:00
539,TI-R628,ML Road Tire,9,Road,2013-07-01,,2026-01-29T10:47:36.526+01:00,AC_TT,2026-01-29T11:07:27.807+01:00
540,TI-R982,HL Road Tire,12,Road,2013-07-01,,2026-01-29T10:47:36.526+01:00,AC_TT,2026-01-29T11:07:27.807+01:00
541,TI-T723,Touring Tire,11,Touring,2013-07-01,,2026-01-29T10:47:36.526+01:00,AC_TT,2026-01-29T11:07:27.807+01:00
528,TT-M928,Mountain Tire Tube,2,Mountain,2013-07-01,,2026-01-29T10:47:36.526+01:00,AC_TT,2026-01-29T11:07:27.807+01:00
529,TT-R982,Road Tire Tube,1,Road,2013-07-01,,2026-01-29T10:47:36.526+01:00,AC_TT,2026-01-29T11:07:27.807+01:00
530,TT-T092,Touring Tire Tube,2,Touring,2013-07-01,,2026-01-29T10:47:36.526+01:00,AC_TT,2026-01-29T11:07:27.807+01:00
473,VE-C304-L,Classic Vest- L,24,Other Sales,2013-07-01,,2026-01-29T10:47:36.526+01:00,CL_VE,2026-01-29T11:07:27.807+01:00
472,VE-C304-M,Classic Vest- M,24,Other Sales,2013-07-01,,2026-01-29T10:47:36.526+01:00,CL_VE,2026-01-29T11:07:27.807+01:00
471,VE-C304-S,Classic Vest- S,24,Other Sales,2013-07-01,,2026-01-29T10:47:36.526+01:00,CL_VE,2026-01-29T11:07:27.807+01:00
477,WB-H098,Water Bottle - 30 oz.,2,Other Sales,2013-07-01,,2026-01-29T10:47:36.526+01:00,AC_BC,2026-01-29T11:07:27.807+01:00
